{
  "biomesoplenty:biomesoplenty/root": {
    "criteria": {
      "shrubland": "2024-05-18 08:55:15 -0430"
    },
    "done": true
  },
  "twilightforest:alt/major_landmarks/naga_courtyard": {
    "criteria": {
      "discover": "2024-05-18 08:55:15 -0430"
    },
    "done": true
  },
  "betterdungeons:root": {
    "criteria": {
      "always": "2024-05-18 08:55:16 -0430"
    },
    "done": true
  },
  "twilightforest:alt/major_landmarks/hedge_maze": {
    "criteria": {
      "discover": "2024-05-18 08:55:15 -0430"
    },
    "done": true
  },
  "twilightforest:alt/major_landmarks/quest_grove": {
    "criteria": {
      "discover": "2024-05-18 08:55:15 -0430"
    },
    "done": true
  },
  "twilightforest:alt/major_landmarks/medium_hollow_hill": {
    "criteria": {
      "discover": "2024-05-18 08:55:15 -0430"
    },
    "done": true
  },
  "twilightforest:alt/major_landmarks/large_hollow_hill": {
    "criteria": {
      "discover": "2024-05-18 08:55:15 -0430"
    },
    "done": true
  },
  "twilightforest:alt/major_landmarks/ice_tower": {
    "criteria": {
      "discover": "2024-05-18 08:55:15 -0430"
    },
    "done": true
  },
  "twilightforest:alt/major_landmarks/lich_tower": {
    "criteria": {
      "discover": "2024-05-18 08:55:15 -0430"
    },
    "done": true
  },
  "twilightforest:alt/major_landmarks/small_hollow_hill": {
    "criteria": {
      "discover": "2024-05-18 08:55:15 -0430"
    },
    "done": true
  },
  "twilightforest:alt/major_landmarks/mushroom_tower": {
    "criteria": {
      "discover": "2024-05-18 08:55:15 -0430"
    },
    "done": true
  },
  "twilightforest:alt/major_landmarks/yeti_lairs": {
    "criteria": {
      "discover": "2024-05-18 08:55:15 -0430"
    },
    "done": true
  },
  "biomesoplenty:biomesoplenty/all_biomes": {
    "criteria": {
      "shrubland": "2024-05-18 08:55:15 -0430"
    },
    "done": false
  },
  "twilightforest:alt/major_landmarks/final_castle": {
    "criteria": {
      "discover": "2024-05-18 08:55:15 -0430"
    },
    "done": true
  },
  "twilightforest:alt/major_landmarks/dark_tower": {
    "criteria": {
      "discover": "2024-05-18 08:55:15 -0430"
    },
    "done": true
  },
  "twilightforest:alt/major_landmarks/hollow_hills": {
    "criteria": {
      "2": "2024-05-18 08:55:15 -0430"
    },
    "done": true
  },
  "twilightforest:alt/major_landmarks/hydra_lair": {
    "criteria": {
      "discover": "2024-05-18 08:55:15 -0430"
    },
    "done": true
  },
  "DataVersion": 2586
}